Date,AGG,BNDX,DBC,EFA,EMB,EWC,PCRIX,PFORX,PYEMX,SPY,VEIEX,VWO,VXF
2002-01-31,,,,19.159448623657227,,6.815174102783203,,3.086719274520874,2.4362435340881348,72.58222961425781,4.732287406921387,,21.98381996154785
2002-02-28,,,,19.38956642150879,,6.879467010498047,,3.0935003757476807,2.519441604614258,71.28034973144531,4.858699798583984,,21.400653839111328
2002-03-31,,,,20.471965789794922,,7.110926151275635,,3.083491325378418,2.4895756244659424,73.65190887451172,5.078550338745117,,22.75768280029297
2002-04-30,,,,20.783905029296875,,7.162361145019531,,3.1164603233337402,2.5258424282073975,69.36861419677734,5.095040321350098,,22.533954620361328
2002-05-31,,,,20.894704818725586,,7.271664142608643,,3.117380142211914,2.5151760578155518,68.95703887939453,5.073054790496826,,22.13418960571289
2002-06-30,,,,20.207761764526367,,6.828031539916992,,3.15478777885437,2.3679795265197754,63.86748123168945,4.65533971786499,,20.667131423950195
2002-07-31,,,,18.281585693359375,,5.953632354736328,5.085115909576416,3.1656241416931152,2.299711227416992,58.83348083496094,4.259607791900635,,18.4738826751709
2002-08-31,,,,18.102611541748047,,6.236527919769287,5.459599494934082,3.188802480697632,2.3743767738342285,59.23359298706055,4.320066928863525,,18.660932540893555
2002-09-30,,,,16.22757339477539,,5.529293537139893,5.807123184204102,3.218383312225342,2.3487770557403564,53.02287292480469,3.8583784103393555,,17.344257354736328
2002-10-31,,,,16.84974479675293,,5.850762367248535,5.643195152282715,3.2178540229797363,2.414910316467285,57.38572692871094,4.111208915710449,,17.989755630493164
2002-11-30,,,,17.795787811279297,,6.191520690917969,5.6531267166137695,3.2476162910461426,2.4575769901275635,60.92536926269531,4.375030040740967,,19.20008087158203
2002-12-31,,,,17.19991111755371,,6.088527679443359,5.742547512054443,3.3092525005340576,2.51737904548645,57.47883605957031,4.259095668792725,,18.390357971191406
2003-01-31,,,,16.459871292114258,,6.346518516540527,6.1945977210998535,3.3490052223205566,2.541231632232666,56.06514358520508,4.264676094055176,,17.919570922851562
2003-02-28,,,,16.112430572509766,,6.449712753295898,6.64168119430542,3.3873484134674072,2.5954365730285645,55.30946350097656,4.102797985076904,,17.44137191772461
2003-03-31,,,,15.738936424255371,,6.294922828674316,5.976022720336914,3.379554271697998,2.636807680130005,55.42781448364258,4.040534496307373,,17.79645538330078
2003-04-30,,,,17.338882446289062,,6.7722015380859375,5.921378135681152,3.3935048580169678,2.7398695945739746,60.11762619018555,4.415024757385254,,19.213045120239258
2003-05-31,,,,18.457639694213867,,7.417172431945801,6.5274271965026855,3.4356701374053955,2.836758852005005,63.414276123046875,4.718506813049316,,21.026443481445312
2003-06-30,,,,18.81549644470215,,7.610659599304199,6.315360069274902,3.42840838432312,2.830073833465576,64.08972930908203,5.0164971351623535,,21.50853157043457
2003-07-31,,,,19.100399017333984,,7.520366191864014,6.051178932189941,3.3984463214874268,2.7275264263153076,65.2450942993164,5.390321731567383,,22.465290069580078
2003-08-31,,,,19.72926139831543,,7.946045875549316,6.405079364776611,3.385051727294922,2.776750087738037,66.59085083007812,5.754369735717773,,23.418346405029297
2003-09-30,49.678382873535156,,,20.325117111206055,,8.004093170166016,6.623309135437012,3.4187235832214355,2.8600211143493652,65.86457061767578,5.820969104766846,,23.24404525756836
2003-10-31,49.213993072509766,,,21.64537811279297,,8.526519775390625,6.938228130340576,3.3921070098876953,2.8645451068878174,69.39008331298828,6.371423244476318,,24.90169906616211
2003-11-30,49.37855911254883,,,22.19259262084961,,8.881256103515625,6.953222274780273,3.3911595344543457,2.894073486328125,70.14793395996094,6.461789131164551,,25.82505989074707
2003-12-31,49.86212921142578,,,24.131681442260742,,9.347457885742188,7.4593939781188965,3.4277749061584473,2.9629976749420166,73.67726135253906,6.882852077484131,,26.443485260009766
2004-01-31,50.08173370361328,,,24.403379440307617,,9.386813163757324,7.661299228668213,3.4416563510894775,2.9602108001708984,75.13384246826172,7.119226932525635,,27.210220336914062
2004-02-29,50.653419494628906,,,24.964418411254883,,9.636078834533691,8.332477569580078,3.4836647510528564,2.9757609367370605,76.1534423828125,7.436429977416992,,27.81989288330078
2004-03-31,50.999820709228516,,,24.982057571411133,,9.570484161376953,8.710951805114746,3.4933040142059326,3.0459628105163574,75.14479064941406,7.486978530883789,,27.8984375
2004-04-30,49.568565368652344,,,24.13520622253418,,8.763649940490723,8.173453330993652,3.490668296813965,2.897108554840088,73.72294616699219,6.915439605712891,,26.697818756103516
2004-05-31,49.38113021850586,,,24.410432815551758,,8.91452407836914,8.439433097839355,3.4853389263153076,2.8158185482025146,74.9853515625,6.878604888916016,,27.191524505615234
2004-06-30,49.740840911865234,,,25.229053497314453,,9.426168441772461,8.075382232666016,3.486381769180298,2.847503423690796,76.37267303466797,6.894237518310547,,27.857269287109375
2004-07-31,50.200897216796875,,,24.152849197387695,,9.419610977172852,8.298766136169434,3.4984629154205322,2.934952974319458,73.91201782226562,6.792231559753418,,26.342496871948242
2004-08-31,51.013397216796875,,,24.440427780151367,,9.367134094238281,8.337858200073242,3.5337181091308594,3.0786802768707275,74.09205627441406,7.09309196472168,,26.3499813079834
2004-09-30,51.27711486816406,,,24.946775436401367,,10.141166687011719,8.904128074645996,3.547865867614746,3.13215708732605,74.83573913574219,7.51336669921875,,27.397241592407227
2004-10-31,51.72150802612305,,,25.820091247558594,,10.790574073791504,9.152400970458984,3.5758440494537354,3.1805734634399414,75.80000305175781,7.708644390106201,,27.995677947998047
2004-11-30,51.33920669555664,,,27.390287399291992,,11.328459739685059,9.028261184692383,3.6309142112731934,3.2317330837249756,79.17440032958984,8.514432907104492,,29.94434356689453
2004-12-31,51.74857711791992,,,28.706863403320312,,11.475791931152344,8.75412654876709,3.6561167240142822,3.3517606258392334,81.55919647216797,8.83086109161377,,31.341251373291016
2005-01-31,52.00124740600586,,,28.160491943359375,,10.951449394226074,8.824861526489258,3.684417963027954,3.3764853477478027,79.7305908203125,8.841419219970703,,30.217336654663086
2005-02-28,51.808135986328125,,,29.22636604309082,,11.681546211242676,9.408473014831543,3.673236608505249,3.4315223693847656,81.39728546142578,9.646103858947754,,30.879568099975586
2005-03-31,51.30338668823242,,,28.45964241027832,,11.8474760055542,9.736868858337402,3.7093722820281982,3.3101794719696045,79.90829467773438,9.02208137512207,13.467266082763672,30.217336654663086
2005-04-30,52.18724822998047,,,27.999267578125,,11.124017715454102,9.330418586730957,3.753307580947876,3.3656787872314453,78.41117095947266,8.783615112304688,13.153409004211426,29.1993465423584
2005-05-31,52.61916732788086,,,27.75743293762207,,11.429328918457031,9.288578033447266,3.777296543121338,3.4635000228881836,80.93797302246094,9.103660583496094,13.53573989868164,31.061222076416016
2005-06-30,53.08019256591797,,,28.155122756958008,,12.04659366607666,9.452610969543457,3.814751625061035,3.5365686416625977,81.0605697631836,9.429434776306152,14.00367546081543,31.99971580505371
2005-07-31,52.53064727783203,,,28.998865127563477,,12.750137329101562,9.658496856689453,3.8101701736450195,3.553598642349243,84.16209411621094,10.092907905578613,14.97948169708252,33.82372283935547
2005-08-31,53.1512336730957,,,30.111310958862305,,13.5399751663208,10.584983825683594,3.8378748893737793,3.6076467037200928,83.37309265136719,10.213180541992188,15.193470001220703,33.39988327026367
2005-09-30,52.653541564941406,,,31.223756790161133,,14.316534042358398,11.003106117248535,3.8332738876342773,3.7089149951934814,84.04222869873047,11.118803977966309,16.443193435668945,33.702632904052734
2005-10-31,52.131736755371094,,,30.229528427124023,,13.274484634399414,10.150004386901855,3.81512713432312,3.641183376312256,82.05451965332031,10.410326957702637,15.513032913208008,32.854949951171875
2005-11-30,52.32695388793945,,,30.928178787231445,,13.97139835357666,10.137551307678223,3.8255343437194824,3.697335958480835,85.6610336303711,11.263687133789062,16.59441375732422,34.349727630615234
2005-12-31,52.92047119140625,,,32.53105545043945,,14.63481330871582,10.541744232177734,3.8661699295043945,3.7452070713043213,85.49711608886719,11.785505294799805,17.67792510986328,34.615596771240234
2006-01-31,52.888877868652344,,,34.40858459472656,,15.95796012878418,10.712004661560059,3.8580360412597656,3.8224451541900635,87.55025482177734,13.161377906799316,19.733762741088867,36.82330322265625
2006-02-28,52.97392272949219,,18.46367645263672,34.16773223876953,,15.597099304199219,10.002595901489258,3.87520432472229,3.9208621978759766,88.05150604248047,12.99208927154541,19.309814453125,36.521034240722656
2006-03-31,52.5144157409668,,18.97897720336914,35.53620147705078,,15.79089641571045,9.9529390335083,3.851733446121216,3.8412742614746094,89.50469207763672,13.169599533081055,19.53631019592285,37.95952224731445
2006-04-30,52.436161041259766,,20.310834884643555,37.23856735229492,,16.61284637451172,10.612685203552246,3.8424253463745117,3.86211895942688,90.63532257080078,14.136273384094238,21.060762405395508,38.12416458129883
2006-05-31,52.332008361816406,,20.231557846069336,35.815372467041016,,16.238628387451172,10.690722465515137,3.863807439804077,3.68332576751709,87.90528106689453,12.640615463256836,18.68260955810547,36.3780403137207
2006-06-30,52.24783706665039,,20.057146072387695,35.7934684753418,,15.871088027954102,10.481269836425781,3.8593387603759766,3.6805198192596436,88.13459014892578,12.638506889343262,18.665189743041992,36.48524856567383
2006-07-31,52.97352600097656,,20.501100540161133,36.083587646484375,,15.891138076782227,10.93046760559082,3.8966779708862305,3.806755542755127,88.52928161621094,12.810160636901855,19.010732650756836,35.401554107666016
2006-08-31,53.81629943847656,,19.819316864013672,37.00318908691406,,16.539342880249023,10.680912017822266,3.9413182735443115,3.9184563159942627,90.46118927001953,13.088473320007324,19.292400360107422,36.010414123535156
2006-09-30,54.360687255859375,,18.986907958984375,37.08529281616211,,16.03815269470215,9.977726936340332,3.963695764541626,3.9335968494415283,92.90379333496094,13.21059799194336,19.49565315246582,36.370361328125
2006-10-31,54.73344802856445,,19.177169799804688,38.475643157958984,,16.799962997436523,10.39286994934082,3.9789621829986572,3.994429588317871,95.83182525634766,13.860429763793945,20.48583221435547,38.170127868652344
2006-11-30,55.31470489501953,,20.43768310546875,39.657989501953125,,17.220972061157227,11.0585298538208,4.009125232696533,4.049450397491455,97.73743438720703,14.91344165802002,21.987058639526367,39.575462341308594
2006-12-31,54.98255157470703,,19.963537216186523,40.92594528198242,,17.111190795898438,10.220765113830566,3.9807770252227783,4.128125190734863,99.0443344116211,15.300619125366211,22.86914825439453,39.563812255859375
2007-01-31,54.943931579589844,,19.48434829711914,41.49606704711914,,17.124706268310547,10.176830291748047,3.972612142562866,4.094342231750488,100.53398895263672,15.233865737915039,22.886873245239258,40.89424514770508
2007-02-28,55.83698654174805,,20.47521209716797,41.445743560791016,,17.226078033447266,10.696659088134766,4.0102972984313965,4.1497087478637695,98.56172943115234,15.060359001159668,22.35497283935547,40.874839782714844
2007-03-31,55.72804641723633,,20.613285064697266,42.647491455078125,,17.67210578918457,10.795943260192871,4.008750915527344,4.230280876159668,99.70397186279297,15.701516151428223,23.306501388549805,41.290611267089844
2007-04-30,56.056697845458984,,20.767601013183594,44.24608612060547,,18.753381729125977,10.966014862060547,4.003286361694336,4.3203301429748535,104.12043762207031,16.387548446655273,24.193021774291992,42.28766632080078
2007-05-31,55.542545318603516,,20.7188720703125,45.29131317138672,,20.341503143310547,10.758965492248535,3.9633936882019043,4.353066444396973,107.6522445678711,17.385591506958008,25.803510665893555,44.277896881103516
2007-06-30,55.333251953125,,20.87318992614746,45.14596176147461,,20.179311752319336,10.529251098632812,3.94321608543396,4.259268760681152,106.07828521728516,18.187931060791016,26.9766788482666,43.439910888671875
2007-07-31,55.92702102661133,,21.27115821838379,44.111915588378906,,20.179311752319336,10.90395736694336,4.0032267570495605,4.144495487213135,102.75695037841797,18.997573852539062,27.925251007080078,41.2828483581543
2007-08-31,56.64259719848633,,20.86506462097168,43.83245849609375,,20.20633888244629,10.529251098632812,4.000454425811768,4.062464237213135,104.07562255859375,18.835290908813477,27.922285079956055,41.8531379699707
2007-09-30,57.00105285644531,,22.83055305480957,46.16326141357422,,22.118850708007812,11.57336711883545,4.0489349365234375,4.22090482711792,108.10484313964844,20.882492065429688,30.667543411254883,43.114013671875
2007-10-31,57.57564163208008,,24.771678924560547,48.12516784667969,,24.382776260375977,12.090106964111328,4.081840991973877,4.3528923988342285,109.57136535644531,23.47425079345703,34.65686798095703,44.16927719116211
2007-11-30,58.61395263671875,,24.617361068725586,46.38124465942383,,21.564695358276367,12.135701179504395,4.106017589569092,4.21901798248291,105.32744598388672,21.61977195739746,31.70178985595703,41.531131744384766
2007-12-31,58.608604431152344,,26.26776885986328,44.99850082397461,41.41852569580078,21.974071502685547,12.657227516174316,4.139601707458496,4.237886905670166,104.14137268066406,21.181446075439453,31.402034759521484,41.33367156982422
2008-01-31,59.96413803100586,,27.03349494934082,41.4673957824707,41.810874938964844,20.715282440185547,13.710046768188477,4.2393341064453125,4.224879264831543,97.84491729736328,18.8563289642334,28.568927764892578,38.57022476196289
2008-02-29,59.868160247802734,,30.046463012695312,41.043209075927734,41.64089584350586,21.89881706237793,15.636311531066895,4.293936252593994,4.2282490730285645,95.31632995605469,19.75466537475586,29.39086151123047,37.85479736328125
2008-03-31,59.94579315185547,,29.771804809570312,41.215171813964844,41.679649353027344,20.73580551147461,14.474209785461426,4.249561309814453,4.188888072967529,94.4639892578125,19.026668548583984,28.310007095336914,37.412357330322266
2008-04-30,60.14215087890625,,31.569597244262695,43.45650863647461,42.16379928588867,22.206674575805664,14.734938621520996,4.221390724182129,4.245147705078125,98.96635437011719,20.588937759399414,30.697526931762695,39.47291564941406
2008-05-31,59.38125228881836,,33.7502555847168,43.9724006652832,42.20791244506836,23.951189041137695,15.098374366760254,4.182110786437988,4.265224456787109,100.46237182617188,20.98349380493164,31.245479583740234,41.41156768798828
2008-06-30,59.27139663696289,,37.270931243896484,40.10863494873047,41.3717155456543,22.76483726501465,16.536216735839844,4.1384429931640625,4.161638259887695,92.06615447998047,18.831161499023438,28.180545806884766,38.34039306640625
2008-07-31,59.50493621826172,,33.62541198730469,38.77694320678711,41.69767379760742,21.522239685058594,14.454174995422363,4.179419040679932,4.225608825683594,91.23887634277344,18.067363739013672,26.84979820251465,38.16737365722656
2008-08-31,59.94646453857422,,31.4281005859375,37.129844665527344,41.99596405029297,20.856321334838867,13.461200714111328,4.202666759490967,4.235789775848389,92.6488265991211,16.683231353759766,24.724218368530273,38.953853607177734
2008-09-30,58.891563415527344,,28.20705795288086,32.88359832763672,38.995304107666016,18.08279800415039,11.141377449035645,4.0255303382873535,3.9420204162597656,83.92375183105469,13.996159553527832,20.870466232299805,34.58106994628906
2008-10-31,57.548179626464844,,21.132402420043945,26.032352447509766,31.432668685913086,13.167356491088867,7.897578239440918,3.9312448501586914,3.3970117568969727,70.06068420410156,10.14609146118164,15.18016242980957,27.109603881835938
2008-11-30,59.288578033447266,,18.518945693969727,24.37357521057129,34.440330505371094,11.746270179748535,7.074405193328857,3.909522771835327,3.515854597091675,65.18402862548828,9.371246337890625,13.867472648620605,24.073841094970703
2008-12-31,63.238651275634766,,17.914823532104492,26.53512191772461,40.537601470947266,12.210306167602539,7.218111991882324,4.042971611022949,3.8025739192962646,65.82258605957031,9.69802474975586,14.928763389587402,25.338516235351562
2009-01-31,61.98235321044922,,17.12010955810547,22.891429901123047,37.714900970458984,11.698922157287598,7.037378311157227,4.102618217468262,3.7712223529815674,60.41758346557617,8.925348281860352,13.598666191101074,23.269088745117188
2009-02-28,61.32821273803711,,16.156312942504883,20.513561248779297,35.60061264038086,10.571060180664062,6.596837520599365,4.066062927246094,3.7781965732574463,53.92577362060547,8.40443229675293,13.275639533996582,20.967042922973633
2009-03-31,62.004638671875,,16.908750534057617,22.23485565185547,37.41930389404297,11.530791282653809,7.162118434906006,4.067478179931641,3.897158622741699,58.41835021972656,9.772521018981934,14.922428131103516,22.666601181030273
2009-04-30,62.32410430908203,,16.891841888427734,24.796091079711914,40.310855865478516,13.128005981445312,7.299415111541748,4.1403398513793945,4.0867180824279785,64.22201538085938,11.366257667541504,17.525623321533203,26.3587589263916
2009-05-31,62.76646423339844,,19.639516830444336,28.067136764526367,41.47980880737305,16.182340621948242,8.454962730407715,4.265903949737549,4.231288433074951,67.97602081298828,13.448136329650879,20.660852432250977,27.667049407958984
2009-06-30,63.03053665161133,,19.123798370361328,27.672815322875977,41.87773132324219,15.071414947509766,8.271354675292969,4.346120357513428,4.2810444831848145,67.9314956665039,13.172405242919922,20.154151916503906,27.675086975097656
2009-07-31,63.83041000366211,,19.4788818359375,30.45157814025879,43.18098831176758,17.027462005615234,8.653644561767578,4.4840989112854,4.445058345794678,72.99956512451172,14.71446704864502,22.35198211669922,30.259586334228516
2009-08-31,64.60933685302734,,18.692625045776367,31.822832107543945,44.23272705078125,16.731948852539062,8.746316909790039,4.628486633300781,4.5596795082092285,75.69613647460938,14.642312049865723,22.19363021850586,31.311050415039062
2009-09-30,65.37698364257812,,18.650352478027344,33.03099060058594,46.53843307495117,17.928083419799805,9.051908493041992,4.726605415344238,4.811767101287842,78.38009643554688,16.023395538330078,24.40412712097168,33.277523040771484
2009-10-31,65.52201843261719,,19.94387435913086,32.197357177734375,46.290672302246094,16.78119468688965,9.499208450317383,4.7745361328125,4.815464019775391,76.87325286865234,15.823784828186035,23.81509017944336,31.327104568481445
2009-11-30,66.36483001708984,,20.848491668701172,33.45988464355469,46.6589241027832,18.23064422607422,10.040677070617676,4.825796127319336,4.847245216369629,81.60917663574219,16.776700973510742,25.52520179748535,32.57120132446289
2009-12-31,65.11637878417969,,20.81467628479004,33.69731521606445,46.769615173339844,18.700498580932617,10.103458404541016,4.814375400543213,4.902037620544434,83.16797637939453,17.193716049194336,26.321025848388672,34.9395751953125
2010-01-31,66.03768157958984,,19.1829776763916,31.990509033203125,46.51686477661133,17.35816192626953,9.542150497436523,4.929007053375244,4.92958402633667,80.14545440673828,16.1120548248291,24.54916763305664,33.77923583984375
2010-02-28,66.16873168945312,,19.97768783569336,32.07585525512695,47.13505172729492,18.40220832824707,9.871612548828125,4.963304042816162,4.986806869506836,82.64555358886719,16.284589767456055,25.011388778686523,35.43452072143555
2010-03-31,66.16426086425781,,19.884693145751953,34.12401580810547,48.364990234375,19.82267951965332,9.776399612426758,4.99915075302124,5.171708583831787,87.67699432373047,17.611778259277344,27.059310913085938,38.08052444458008
2010-04-30,66.8082046508789,,20.66249656677246,33.1670036315918,48.61153793334961,20.04995346069336,10.12645149230957,5.0787224769592285,5.20147705078125,89.03333282470703,17.658226013183594,27.001514434814453,39.995914459228516
2010-05-31,67.53133392333984,,18.56580924987793,29.45468521118164,47.72711944580078,18.58686065673828,9.338839530944824,5.126858711242676,5.0528950691223145,81.959228515625,16.01251792907715,24.52350425720215,37.001094818115234
2010-06-30,68.72579956054688,,18.236087799072266,28.847339630126953,48.8698616027832,17.781755447387695,9.47741413116455,5.185316562652588,5.161406517028809,77.71858978271484,16.005887985229492,24.388689041137695,34.36337661743164
2010-07-31,69.3132095336914,,19.352066040039062,32.196632385253906,50.850521087646484,19.061586380004883,10.183725357055664,5.196600437164307,5.375734806060791,83.02684783935547,17.485692977905273,26.879558563232422,36.82254409790039
2010-08-31,70.20514678955078,,18.768712997436523,30.97475814819336,52.16664505004883,18.661190032958984,10.00394058227539,5.3540544509887695,5.500108242034912,79.29222106933594,17.094181060791016,26.192626953125,34.66366958618164
2010-09-30,70.21028900146484,,20.383502960205078,34.06356430053711,53.00666046142578,20.041118621826172,10.860391616821289,5.349160194396973,5.594847202301025,86.39324951171875,19.005325317382812,29.18425178527832,38.59184646606445
2010-10-31,70.31717681884766,,21.28812026977539,35.35985565185547,54.03704833984375,20.677459716796875,11.600274085998535,5.3413543701171875,5.667159557342529,89.69363403320312,19.569377899169922,30.08941650390625,40.24751663208008
2010-11-30,69.73005676269531,,21.19512176513672,33.65420150756836,51.645774841308594,20.97060775756836,11.428515434265137,5.289290428161621,5.483773231506348,89.69363403320312,19.03850555419922,29.2356014251709,41.546077728271484
2010-12-31,69.2591323852539,,23.291805267333984,36.45021438598633,51.838600158691406,22.400264739990234,12.543558120727539,5.257233142852783,5.4991607666015625,95.68984985351562,20.431594848632812,31.44871711730957,44.58826446533203
2011-01-31,69.2001953125,,24.12033462524414,37.21403121948242,51.30117416381836,22.609825134277344,12.584065437316895,5.254247188568115,5.462472915649414,97.91947174072266,19.86591911315918,30.364500045776367,45.284828186035156
2011-02-28,69.40119934082031,,25.12640380859375,38.53505325317383,51.269622802734375,24.32958221435547,13.056645393371582,5.2709455490112305,5.4703755378723145,101.32090759277344,19.69756507873535,30.312252044677734,47.415489196777344
2011-03-31,69.24642181396484,,25.794300079345703,37.614723205566406,52.06549835205078,24.286224365234375,13.453322410583496,5.2684454917907715,5.55784273147583,101.33307647705078,20.795246124267578,31.971233367919922,48.41164779663086
2011-04-30,70.33182525634766,,26.969457626342773,39.730865478515625,52.95404815673828,24.351266860961914,14.161394119262695,5.306552886962891,5.665355682373047,104.26783752441406,21.515796661376953,33.04891586303711,49.731380462646484
2011-05-31,71.203857421875,,25.574487686157227,38.85435104370117,53.720726013183594,23.7731876373291,13.467205047607422,5.345244407653809,5.728238582611084,103.0985107421875,20.909725189208984,32.07572555541992,49.067413330078125
2011-06-30,70.88684844970703,,24.483871459960938,38.3839225769043,54.054969787597656,23.037242889404297,12.775161743164062,5.332507610321045,5.763887882232666,101.35924530029297,20.59321403503418,31.75568962097168,47.919830322265625
2011-07-31,72.08246612548828,,25.599851608276367,37.47123336791992,55.121437072753906,22.5062313079834,13.432916641235352,5.447109222412109,5.894718170166016,99.33163452148438,20.424867630004883,31.55974769592285,46.37059783935547
2011-08-31,73.17845153808594,,25.49839973449707,34.190673828125,55.405548095703125,21.742443084716797,13.4913911819458,5.4496612548828125,5.855179786682129,93.87078857421875,18.67396354675293,28.692468643188477,42.52618408203125
2011-09-30,73.74236297607422,,21.770017623901367,30.495248794555664,52.751705169677734,18.54181480407715,11.3403902053833,5.482595920562744,5.546966552734375,87.35421752929688,15.657035827636719,23.40203094482422,37.788291931152344
2011-10-31,73.83562469482422,,23.435527801513672,33.431156158447266,55.470428466796875,20.542211532592773,12.291815757751465,5.51617431640625,5.834832191467285,96.888671875,17.77157974243164,27.124923706054688,43.22293472290039
2011-11-30,73.59140014648438,,23.367895126342773,32.70355987548828,54.75661087036133,19.974822998046875,12.000252723693848,5.456371307373047,5.741904258728027,96.49494171142578,17.165510177612305,26.661197662353516,42.985225677490234
2011-12-31,74.58983612060547,,22.691545486450195,31.992279052734375,55.803611755371094,19.621946334838867,11.57974910736084,5.6137542724609375,5.8175201416015625,97.50318908691406,16.605743408203125,25.55176544189453,42.963321685791016
2012-01-31,75.13106536865234,,23.528528213500977,33.67811584472656,56.439170837402344,20.73582649230957,12.146345138549805,5.688616752624512,5.970049858093262,102.02484893798828,18.451589584350586,28.306900024414062,46.22038650512695
2012-02-29,75.12090301513672,,24.788230895996094,35.30582809448242,57.833744049072266,21.407100677490234,12.500462532043457,5.700870513916016,6.140228748321533,106.45323944091797,19.47783088684082,29.844945907592773,48.15141296386719
2012-03-31,74.69050598144531,,24.348602294921875,35.45439147949219,57.76350784301758,20.905488967895508,11.948404312133789,5.740858554840088,6.138038635253906,109.8772201538086,18.91994285583496,29.069232940673828,49.190704345703125
2012-04-30,75.36712646484375,,24.01888084411621,34.71805191040039,58.7956657409668,20.920246124267578,12.019842147827148,5.791634559631348,6.208217144012451,109.14373016357422,18.589338302612305,28.4606990814209,48.76792526245117
2012-05-31,76.17979431152344,,21.338844299316406,30.849010467529297,57.16660690307617,18.677730560302734,11.019681930541992,5.823300838470459,5.997004508972168,102.5890121459961,16.529979705810547,25.424715042114258,45.344303131103516
2012-06-30,76.16472625732422,,21.770017623901367,33.02179718017578,59.49034881591797,19.218931198120117,11.541897773742676,5.8324995040893555,6.194316387176514,106.75218200683594,17.32892608642578,26.70195960998535,46.77012634277344
2012-07-31,77.2021713256836,,23.03817367553711,33.04823684692383,61.716861724853516,19.553619384765625,12.386863708496094,5.943399906158447,6.457329273223877,108.0150146484375,17.439130783081055,26.755464553833008,46.43023681640625
2012-08-31,77.20214080810547,,24.34014892578125,34.10578155517578,62.478302001953125,20.45357894897461,12.620577812194824,6.0059943199157715,6.548210620880127,110.7210464477539,17.5148868560791,26.822338104248047,48.16278076171875
2012-09-30,77.407958984375,,24.247150421142578,35.0311279296875,63.59379196166992,21.189903259277344,12.938076972961426,6.127683162689209,6.683122158050537,113.52793884277344,18.44707679748535,28.24667739868164,49.37306594848633
2012-10-31,77.3714370727539,,23.300260543823242,35.414493560791016,63.98845291137695,21.189903259277344,12.448822021484375,6.144506454467773,6.805450916290283,111.4619140625,18.370420455932617,28.090957641601562,48.68502426147461
2012-11-30,77.58087921142578,,23.756797790527344,36.39932632446289,64.56196594238281,20.907276153564453,12.539421081542969,6.205333232879639,6.841527938842773,112.0927734375,18.614341735839844,28.449796676635742,49.49741744995117
2012-12-31,77.39058685302734,,23.486257553100586,37.994041442871094,65.02324676513672,21.404924392700195,12.191214561462402,6.242884159088135,6.944125652313232,113.09424591064453,19.701799392700195,30.460365295410156,50.96406173706055
2013-01-31,76.90990447998047,,24.069608688354492,39.41062927246094,63.169830322265625,21.75916290283203,12.503341674804688,6.242344856262207,6.941638469696045,118.8835678100586,19.821374893188477,30.480884552001953,54.426239013671875
2013-02-28,77.3642578125,,22.936721801757812,38.90279006958008,63.336692810058594,21.269256591796875,12.007612228393555,6.288165092468262,6.932693004608154,120.40039825439453,19.47671127319336,29.762645721435547,54.872703552246094
2013-03-31,77.4405288696289,,23.088899612426758,39.41062927246094,62.743553161621094,21.487831115722656,12.121286392211914,6.339277267456055,6.887294769287109,124.97215270996094,19.17011260986328,29.38571548461914,57.513004302978516
2013-04-30,78.19058227539062,,22.20964813232422,41.388511657714844,64.98150634765625,21.118518829345703,11.826092720031738,6.386992454528809,7.0422682762146,127.37316131591797,19.430601119995117,29.97478675842285,57.89220428466797
2013-05-31,76.62588500976562,,21.86301612854004,40.138980865478516,61.781028747558594,20.89995002746582,11.217262268066406,6.2646379470825195,6.785803318023682,130.38037109375,18.705463409423828,28.454137802124023,59.510154724121094
2013-06-30,75.4263916015625,34.898075103759766,21.245845794677734,39.064083099365234,59.037471771240234,19.939586639404297,10.269408226013184,6.148474216461182,6.3849639892578125,128.64051818847656,17.55790901184082,26.930448532104492,58.84445571899414
2013-07-31,75.6293716430664,34.99281311035156,21.922195434570312,41.143402099609375,59.1295166015625,21.06810760498047,10.529391288757324,6.201148986816406,6.411576271057129,135.28831481933594,17.72907257080078,27.117908477783203,63.0326042175293
2013-08-31,75.00440979003906,34.92909240722656,22.53936767578125,40.33893585205078,57.69207763671875,20.885101318359375,10.733664512634277,6.177715301513672,6.192389011383057,131.23068237304688,17.165678024291992,26.18760108947754,61.195552825927734
2013-09-30,75.84497833251953,35.19064712524414,21.778472900390625,43.495426177978516,59.51016616821289,21.586606979370117,10.62569522857666,6.213573455810547,6.362566947937012,135.3836669921875,18.391456604003906,28.09274673461914,64.98762512207031
2013-10-31,76.47640228271484,35.55189514160156,21.770017623901367,44.91345977783203,61.01883316040039,22.387245178222656,10.514039993286133,6.2695088386535645,6.538363933563232,141.6528778076172,19.246707916259766,29.310821533203125,66.73194122314453
2013-11-30,76.28475952148438,35.547630310058594,21.567113876342773,45.158897399902344,59.7848014831543,22.18136215209961,10.383777618408203,6.303730010986328,6.3993635177612305,145.85110473632812,18.85861587524414,29.03780746459961,68.42574310302734
2013-12-31,75.86002349853516,35.350467681884766,21.693927764892578,46.14160919189453,59.95597839355469,22.541406631469727,10.3832368850708,6.300318717956543,6.446699619293213,149.63250732421875,18.6765079498291,28.95516586303711,70.46896362304688
2014-01-31,77.02898406982422,35.856300354003906,21.034486770629883,43.74170684814453,59.46815872192383,21.590585708618164,10.45888900756836,6.359640598297119,6.3735032081604,144.3582000732422,17.318742752075195,26.512916564941406,69.13967895507812
2014-02-28,77.31891632080078,36.02677536010742,22.091285705566406,46.42354202270508,61.51665496826172,22.55687141418457,11.177582740783691,6.414837837219238,6.55433988571167,150.92880249023438,17.91095542907715,27.37158203125,72.94859313964844
2014-03-31,77.20442962646484,36.14105224609375,22.082834243774414,46.21037673950195,62.24909973144531,22.84288787841797,11.177582740783691,6.459965705871582,6.64585542678833,152.18080139160156,18.60295295715332,28.638172149658203,72.42711639404297
2014-04-30,77.83881378173828,36.35912322998047,22.328006744384766,46.980552673339844,62.908042907714844,23.608179092407227,11.518014907836914,6.505198001861572,6.7102370262146,153.23870849609375,18.69705581665039,28.89221954345703,70.5350341796875
2014-05-31,78.7565689086914,36.62976837158203,22.00674057006836,47.7301025390625,65.08939361572266,23.73186492919922,11.309975624084473,6.545083999633789,6.930323123931885,156.79478454589844,19.391950607299805,29.788482666015625,71.60041809082031
2014-06-30,78.71124267578125,36.85199737548828,22.471731185913086,48.169578552246094,65.11762237548828,25.084564208984375,11.555843353271484,6.60563850402832,6.960077285766602,160.03184509277344,19.97296714782715,30.733684539794922,74.77941131591797
2014-07-31,78.51376342773438,37.03785705566406,21.406478881835938,46.91548538208008,64.95381927490234,25.04562759399414,10.83714771270752,6.6656880378723145,6.995731353759766,157.88133239746094,20.265178680419922,31.15412139892578,71.50665283203125
2014-08-31,79.41636657714844,37.54453659057617,21.161304473876953,47.00003433227539,65.77865600585938,25.590768814086914,10.723671913146973,6.770228862762451,7.060694694519043,164.11190795898438,20.988412857055664,32.35125732421875,75.02659606933594
2014-09-30,78.92809295654297,37.497039794921875,19.631059646606445,45.175270080566406,64.3586196899414,23.900821685791016,9.912823677062988,6.778826713562012,6.935503005981445,161.84779357910156,19.484447479248047,30.033031463623047,71.2339096069336
2014-10-31,79.7679214477539,37.723934173583984,18.870166778564453,45.05549621582031,65.62905883789062,23.3011531829834,9.836864471435547,6.8228278160095215,7.031300067901611,165.65945434570312,19.93448257446289,30.702672958374023,74.13170623779297
2014-11-30,80.29208374023438,38.06584548950195,17.263835906982422,45.08367919921875,65.35625457763672,23.316730499267578,9.81787109375,6.920101165771484,6.997902870178223,170.21044921875,19.735288619995117,30.3642520904541,75.12034606933594
2014-12-31,80.4105453491211,38.44024658203125,15.5983247756958,43.283592224121094,63.58012008666992,22.7941837310791,8.50755500793457,7.003681182861328,6.789822578430176,169.77867126464844,18.753795623779297,28.9431095123291,75.79951477050781
2015-01-31,82.06084442138672,39.12785720825195,14.710612297058105,43.55393600463867,64.76815795898438,20.882822036743164,8.336644172668457,7.143519401550293,6.816427230834961,164.74830627441406,18.879711151123047,28.885251998901367,74.33167266845703
2015-02-28,81.32652282714844,39.05679702758789,15.361599922180176,46.31428527832031,65.38978576660156,22.130739212036133,8.583515167236328,7.132462978363037,6.91390323638916,174.0079345703125,19.546314239501953,30.230436325073242,78.84738159179688
2015-03-31,81.63127899169922,39.24690246582031,14.431620597839355,45.65266036987305,65.40494537353516,21.467287063598633,8.070785522460938,7.183979034423828,6.915490627288818,171.27500915527344,19.1403865814209,29.609115600585938,79.8720932006836
2015-04-30,81.36785888671875,38.844520568847656,15.463054656982422,47.31740951538086,66.21149444580078,22.999540328979492,8.56452465057373,7.102411270141602,7.031294345855713,172.95928955078125,20.6309871673584,31.804264068603516,78.61099243164062
2015-05-31,81.01190948486328,38.641632080078125,14.972698211669922,47.4099006652832,66.00712585449219,21.941181182861328,8.298666954040527,7.016861915588379,7.017495632171631,175.182861328125,19.933889389038086,30.674087524414062,80.02754974365234
2015-06-30,80.13964080810547,38.1182975769043,15.217875480651855,45.931549072265625,64.80963897705078,21.226469039916992,8.454936981201172,6.897127151489258,6.891855716705322,171.62457275390625,19.457782745361328,29.89095115661621,79.45748901367188
2015-07-31,80.83063507080078,38.608009338378906,13.298731803894043,46.86479568481445,64.90547180175781,20.335067749023438,7.549739837646484,7.023064136505127,6.912040710449219,175.50146484375,18.133665084838867,28.019105911254883,79.3106460571289
2015-08-31,80.55915069580078,38.3388557434082,13.264915466308594,43.38502883911133,64.17405700683594,19.316326141357422,7.395661354064941,6.962619304656982,6.805678367614746,164.80458068847656,16.44298553466797,25.255218505859375,74.6463394165039
2015-09-30,81.21277618408203,38.6506462097168,12.808380126953125,41.46788787841797,63.48849868774414,18.3055419921875,7.078794479370117,6.986332893371582,6.667471885681152,160.59939575195312,15.90883731842041,24.527446746826172,71.08588409423828
2015-10-31,81.26847839355469,38.87875747680664,12.850651741027832,44.209754943847656,65.02880859375,18.942251205444336,7.078794479370117,7.042354106903076,6.844635963439941,174.26002502441406,16.795608520507812,25.824602127075195,75.03075408935547
2015-11-30,80.95230102539062,38.95270538330078,11.996759414672852,43.87697219848633,65.22740173339844,18.52043342590332,6.548621654510498,7.077999591827393,6.852472305297852,174.8968963623047,16.249902725219727,25.231616973876953,76.26731872558594
2015-12-31,80.79708099365234,38.897605895996094,11.295045852661133,42.85380554199219,64.23796844482422,17.344242095947266,6.283143043518066,7.031561851501465,6.733162879943848,171.87425231933594,15.843636512756348,24.364458084106445,73.3199234008789
2016-01-31,81.79954528808594,39.4051628112793,10.804693222045898,40.4892578125,64.26229095458984,16.868282318115234,6.212996482849121,7.107516765594482,6.694859027862549,163.31724548339844,14.891951560974121,22.964120864868164,66.93285369873047
2016-02-29,82.52510070800781,39.902915954589844,10.779329299926758,39.139129638671875,65.38963317871094,17.44911003112793,6.0727009773254395,7.140192985534668,6.82364559173584,163.1822967529297,14.762529373168945,22.889638900756836,67.16033935546875
2016-03-31,83.24693298339844,40.20146942138672,11.235865592956543,41.71533203125,67.55616760253906,19.127065658569336,6.4334564208984375,7.2268829345703125,7.0388312339782715,174.1589813232422,16.687971115112305,25.801368713378906,72.71619415283203
2016-04-30,83.45915985107422,40.09517288208008,12.3264799118042,42.64216613769531,68.60650634765625,20.49040985107422,6.99462890625,7.252508163452148,7.173951148986816,174.84535217285156,16.81757164001465,26.062515258789062,73.88420867919922
2016-05-31,83.47052001953125,40.395050048828125,12.436387062072754,42.60567855834961,68.45845794677734,19.748231887817383,6.944525241851807,7.293849945068359,7.179376125335693,177.81973266601562,16.245803833007812,25.219377517700195,75.27178955078125
2016-06-30,85.08578491210938,41.18247604370117,12.977468490600586,41.574867248535156,71.31605529785156,19.92905616760254,7.305446624755859,7.461603164672852,7.422830581665039,178.43785095214844,17.063718795776367,26.461082458496094,75.2089614868164
2016-07-31,85.54905700683594,41.51996994018555,12.072848320007324,43.22833251953125,72.29227447509766,20.522615432739258,6.943691253662109,7.537367343902588,7.5911078453063965,184.94569396972656,17.86130714416504,27.8205623626709,79.21507263183594
2016-08-31,85.36473083496094,41.54960632324219,12.165847778320312,43.459224700927734,73.2490005493164,20.579530715942383,6.813058376312256,7.561707496643066,7.749084949493408,185.16717529296875,18.160400390625,28.038381576538086,79.88424682617188
2016-09-30,85.40882110595703,41.5540657043457,12.690017700195312,44.04017639160156,73.5514144897461,20.888517379760742,7.078683853149414,7.591104507446289,7.787424564361572,185.17794799804688,18.391380310058594,28.60497283935547,80.63224792480469
2016-10-31,84.71089172363281,41.03151321411133,12.647747039794922,43.06447219848633,72.27962493896484,20.612058639526367,7.038291931152344,7.533715724945068,7.7185163497924805,181.96743774414062,18.507780075073242,28.696182250976562,77.54017639160156
2016-11-30,82.53764343261719,40.519561767578125,12.859106063842773,42.297325134277344,69.16228485107422,21.14870262145996,7.098878383636475,7.469089508056641,7.392048358917236,188.6708221435547,17.700735092163086,27.53313636779785,83.66246032714844
2016-12-31,82.7474594116211,40.691734313964844,13.391732215881348,43.44200897216797,70.19070434570312,21.475025177001953,7.25242280960083,7.527328014373779,7.504868984222412,192.4955596923828,17.671859741210938,27.32987403869629,85.19415283203125
2017-01-31,82.92353057861328,40.29448318481445,13.315641403198242,44.87176513671875,71.40704345703125,22.32088851928711,7.3029961585998535,7.469759941101074,7.6149492263793945,195.940185546875,18.544544219970703,28.903371810913086,87.00641632080078
2017-02-28,83.45909881591797,40.65079116821289,13.29028034210205,45.406044006347656,72.60387420654297,21.918487548828125,7.313112735748291,7.575656890869141,7.772124290466309,203.6390380859375,19.152297973632812,29.552623748779297,89.10296630859375
2017-03-31,83.41297149658203,40.64030838012695,12.859106063842773,46.8734130859375,72.9767837524414,22.07451820373535,7.126754283905029,7.5756683349609375,7.808152675628662,203.89352416992188,19.58362579345703,30.39337921142578,89.00432586669922
2017-04-30,84.16950988769531,40.840171813964844,12.512476921081543,48.00970458984375,74.22482299804688,21.565357208251953,7.0146002769470215,7.596594333648682,7.944710731506348,205.9174346923828,19.85669708251953,30.8677978515625,90.01116180419922
2017-05-31,84.74786376953125,41.13800811767578,12.33493423461914,49.71035385131836,74.79014587402344,21.483232498168945,6.902447700500488,7.6327056884765625,8.005617141723633,208.82350158691406,20.098562240600586,31.173860549926758,89.3161849975586
2017-06-30,84.73238372802734,40.91746520996094,12.216572761535645,49.857521057128906,74.25377655029297,22.15484046936035,6.838496208190918,7.61175012588501,7.984310626983643,210.1547393798828,20.253921508789062,31.438983917236328,91.39285278320312
2017-07-31,85.01536560058594,40.984493255615234,12.715381622314453,51.180423736572266,75.12922668457031,23.098655700683594,7.027289390563965,7.647932052612305,8.07852554321289,214.4743194580078,21.33684539794922,33.11758804321289,92.4113998413086
2017-08-31,85.81565856933594,41.3675537109375,12.766107559204102,51.15748977661133,76.62383270263672,23.073822021484375,7.069242000579834,7.72906494140625,8.248945236206055,215.10009765625,21.988176345825195,34.11088562011719,92.09870910644531
2017-09-30,85.32512664794922,41.20077133178711,13.01973819732666,52.365692138671875,76.47998809814453,23.959684371948242,7.060429096221924,7.715302467346191,8.279813766479492,219.4342041015625,21.815595626831055,33.94198226928711,95.97750091552734
2017-10-31,85.40863800048828,41.45686340332031,13.535455703735352,53.24506759643555,76.66593933105469,23.83549690246582,7.243121147155762,7.77483606338501,8.318416595458984,224.60499572753906,22.347299575805664,34.767738342285156,97.25865173339844
2017-11-30,85.281982421875,41.55363082885742,13.662270545959473,53.61212921142578,76.45738983154297,23.959684371948242,7.200133800506592,7.8046417236328125,8.334128379821777,231.4702606201172,22.386978149414062,34.65089797973633,100.2867431640625
2017-12-31,85.6872329711914,41.667057037353516,14.042719841003418,54.33527374267578,77.40935516357422,24.853395462036133,7.438347339630127,7.792333602905273,8.406522750854492,234.27748107910156,23.175928115844727,35.93482971191406,100.58118438720703
2018-01-31,84.72322082519531,41.42948913574219,14.456981658935547,57.06324005126953,76.91596984863281,25.054636001586914,7.581180572509766,7.80695915222168,8.46084213256836,247.48117065429688,25.12053871154785,39.010929107666016,103.92096710205078
2018-02-28,83.86854553222656,41.53610610961914,14.034266471862793,54.30436325073242,75.23796844482422,23.302160263061523,7.416371822357178,7.8230462074279785,8.309612274169922,238.4827117919922,23.93305015563965,36.921051025390625,100.04105377197266
2018-03-31,84.43141174316406,42.01436233520508,14.35552978515625,53.84841537475586,75.6536865234375,23.109302520751953,7.416371822357178,7.899913787841797,8.312712669372559,231.94573974609375,23.647737503051758,36.843833923339844,100.72381591796875
2018-04-30,83.6368637084961,41.95442199707031,14.845885276794434,54.667572021484375,74.10222625732422,23.587249755859375,7.603155612945557,7.888936996459961,8.184667587280273,233.14451599121094,23.152912139892578,35.824310302734375,100.94050598144531
2018-05-31,84.1904525756836,41.85676956176758,15.243241310119629,53.63203811645508,73.5018539428711,24.098737716674805,7.713027000427246,7.90730619430542,8.04986572265625,238.8119659423828,22.49847412109375,34.98516082763672,105.85208892822266
2018-06-30,84.27684020996094,42.10844802856445,14.947336196899414,52.7824592590332,72.40462493896484,24.0931453704834,7.457174777984619,7.941868305206299,7.882539749145508,240.18536376953125,21.483659744262695,33.3095588684082,106.69331359863281
2018-07-31,84.25222778320312,42.168521881103516,14.5837984085083,54.28780746459961,74.26775360107422,24.684696197509766,7.278024196624756,7.947050094604492,8.141640663146973,249.08340454101562,22.166057586669922,34.635623931884766,108.45943450927734
2018-08-31,84.73078918457031,42.191673278808594,14.693703651428223,53.07406234741211,72.54542541503906,24.338212966918945,7.154857635498047,7.953725337982178,7.906557083129883,257.0340881347656,21.379289627075195,33.18326950073242,113.3140640258789
2018-09-30,84.20567321777344,42.09212112426758,15.192514419555664,53.58634948730469,74.01880645751953,24.321317672729492,7.284992694854736,7.942660331726074,8.062986373901367,258.56231689453125,21.10010528564453,32.73670196533203,111.48262023925781
2018-10-31,83.66333770751953,42.123023986816406,14.33862018585205,49.227882385253906,72.15727996826172,22.402990341186523,7.034572124481201,7.962652683258057,7.849655628204346,240.69456481933594,19.500749588012695,30.229551315307617,100.27254486083984
2018-11-30,84.30885314941406,42.34260940551758,12.926740646362305,49.47221374511719,71.8048095703125,22.512849807739258,6.875212669372559,7.961930751800537,7.7701096534729,245.1592254638672,20.369436264038086,31.69072151184082,102.10907745361328
2018-12-31,85.97917938232422,42.8388557434082,12.40950870513916,46.82556915283203,73.17439270019531,20.58674430847168,6.414305686950684,7.998608112335205,7.815607070922852,223.5733642578125,19.763418197631836,30.63067054748535,91.18495178222656
2019-01-31,86.76236724853516,43.2652587890625,13.291620254516602,49.93240737915039,76.6743392944336,23.24170684814453,6.842698574066162,8.1099271774292,8.250956535339355,241.47389221191406,21.44645118713379,33.58921813964844,101.71856689453125
2019-02-28,86.66363525390625,43.35536193847656,13.668444633483887,51.199031829833984,76.97980499267578,23.9290771484375,6.970058441162109,8.13101863861084,8.355998039245605,249.30149841308594,21.585338592529297,33.4605827331543,106.76156616210938
2019-03-31,88.50316619873047,44.11956787109375,13.617058753967285,51.66905212402344,78.13915252685547,23.748641967773438,7.0152082443237305,8.237391471862793,8.447702407836914,253.8140411376953,21.995914459228516,34.23514938354492,105.77237701416016
2019-04-30,88.32579803466797,44.193199157714844,13.779778480529785,53.18263244628906,78.2774887084961,24.530527114868164,7.038476943969727,8.253273963928223,8.44839859008789,264.182861328125,22.454160690307617,34.968177795410156,109.56501007080078
2019-05-31,90.01355743408203,44.756736755371094,12.95761775970459,50.5059700012207,78.66329193115234,23.482288360595703,6.75926399230957,8.339662551879883,8.450262069702148,247.33558654785156,21.005769729614258,32.73686218261719,101.97975158691406
2019-06-30,91.00243377685547,45.45804214477539,13.471467018127441,53.49169921875,81.43733215332031,24.814733505249023,6.9763031005859375,8.463425636291504,8.805030822753906,264.5467224121094,22.144289016723633,34.49542999267578,108.90657043457031
2019-07-31,91.16789245605469,46.02581787109375,13.317314147949219,52.45002746582031,82.03482818603516,24.615310668945312,6.929086685180664,8.548659324645996,8.929295539855957,268.54669189453125,21.880765914916992,33.87089920043945,110.73422241210938
2019-08-31,93.70487976074219,46.99868392944336,12.700691223144531,51.44089889526367,83.3081283569336,24.441904067993164,6.728415012359619,8.67972183227539,8.821305274963379,264.05035400390625,21.0572509765625,32.76782989501953,106.0135269165039
2019-09-30,93.13131713867188,46.802188873291016,12.880538940429688,53.06851577758789,82.39440155029297,25.05750274658203,6.780916690826416,8.63926887512207,8.826559066772461,269.18804931640625,21.336111068725586,33.066307067871094,107.17401123046875
2019-10-31,93.32518005371094,46.5728759765625,13.128899574279785,54.867042541503906,82.86856079101562,24.953458786010742,6.936663627624512,8.606464385986328,8.905644416809082,275.1383972167969,22.16122055053711,34.37221145629883,109.28379821777344
2019-11-30,93.29291534423828,46.3513298034668,13.111771583557129,55.48554229736328,82.08157348632812,25.690444946289062,6.768938064575195,8.575841903686523,8.851096153259277,285.0978698730469,22.19455909729004,34.54468536376953,114.24956512451172
2019-12-31,93.24929809570312,46.20859909057617,13.878700256347656,57.14755630493164,84.49964904785156,26.264530181884766,7.201603412628174,8.588085174560547,9.097408294677734,293.38165283203125,23.73940086364746,36.986602783203125,116.6828842163086
2020-01-31,95.14132690429688,47.082496643066406,12.68661117553711,55.534523010253906,85.54706573486328,26.071216583251953,6.658766746520996,8.72364616394043,9.219857215881348,293.26318359375,22.541465759277344,34.9405632019043,116.06240844726562
2020-02-29,96.64901733398438,47.397151947021484,11.842577934265137,51.22211837768555,84.47452545166016,24.243507385253906,6.308943271636963,8.744562149047852,9.115500450134277,270.04669189453125,21.70628547668457,33.70130920410156,107.03266143798828
2020-03-31,96.13983917236328,46.01809310913086,9.78905200958252,43.99637222290039,71.82740783691406,19.19973373413086,5.17012357711792,8.422792434692383,7.706042766571045,236.32566833496094,17.902801513671875,27.956323623657227,84.01014709472656
2020-04-30,97.79254150390625,46.8948974609375,9.484503746032715,46.55583572387695,74.982666015625,21.334991455078125,5.230662822723389,8.60582447052002,7.877675533294678,266.3351135253906,19.566402435302734,30.139488220214844,97.23242950439453
2020-05-31,98.4503173828125,47.0890998840332,10.250224113464355,49.08237838745117,79.68511962890625,22.090679168701172,5.569688320159912,8.67446231842041,8.40661334991455,279.0246887207031,20.02242660522461,31.131092071533203,105.91736602783203
2020-06-30,99.09916687011719,47.341678619384766,10.71139907836914,50.80574417114258,82.0569839477539,22.971708297729492,5.774379730224609,8.741578102111816,8.733938217163086,283.9729919433594,21.45511817932129,33.14750289916992,110.18639373779297
2020-07-31,100.42035675048828,47.79060745239258,11.259584426879883,51.790653228759766,85.22200775146484,24.241012573242188,6.176393508911133,8.851661682128906,9.078510284423828,300.69696044921875,23.252225875854492,35.99278259277344,116.56441497802734
2020-08-31,99.59329986572266,47.42754364013672,11.781667709350586,54.236202239990234,85.84020233154297,25.483688354492188,6.688047409057617,8.858172416687012,9.194292068481445,321.6844787597656,23.777795791625977,36.98027038574219,124.79537200927734
2020-09-30,99.49636840820312,47.83610153198242,11.36400318145752,53.12610626220703,84.05364227294922,24.329776763916016,6.450235366821289,8.928817749023438,8.965219497680664,309.63946533203125,23.381071090698242,36.538063049316406,121.15066528320312
2020-10-31,98.94083404541016,47.997371673583984,11.007244110107422,51.239776611328125,83.67037963867188,23.495410919189453,6.5114336013793945,8.992259979248047,8.956103324890137,301.9190673828125,23.834495544433594,37.01971435546875,121.73905944824219
2020-11-30,100.13483428955078,48.18428421020508,12.12972354888916,58.55140686035156,87.2011489868164,26.87725830078125,6.8174214363098145,9.045217514038086,9.410483360290527,334.7608337402344,25.79360580444336,40.1884765625,143.92013549804688
2020-12-31,100.220703125,48.35820770263672,12.791028022766113,61.48798370361328,89.08076477050781,27.713802337646484,7.258382320404053,9.118034362792969,9.6577730178833,347.1631774902344,27.312528610229492,42.599544525146484,154.54495239257812
2021-01-31,99.4745101928711,48.052616119384766,13.217395782470703,61.00761032104492,87.49757385253906,27.49813461303711,7.516294956207275,9.113107681274414,9.563971519470215,343.6254577636719,28.112550735473633,43.934234619140625,158.72105407714844
2021-02-28,97.96434020996094,47.254974365234375,14.557406425476074,62.37288284301758,84.83153533935547,28.90898323059082,8.01983642578125,8.983865737915039,9.33601188659668,353.18011474609375,28.57707405090332,44.62282180786133,166.98886108398438
2021-03-31,96.84133911132812,47.25083923339844,14.45299243927002,63.9404296875,84.21349334716797,30.598411560058594,7.884738922119141,8.995418548583984,9.213927268981934,369.2143249511719,28.282703399658203,44.305824279785156,166.61090087890625
2021-04-30,97.55021667480469,47.16062545776367,15.584172248840332,65.8282241821289,86.23712158203125,32.00027847290039,8.60934829711914,8.992963790893555,9.456212043762207,388.7496337890625,28.807884216308594,45.097450256347656,173.34466552734375
2021-05-31,97.74906158447266,47.1597785949707,16.184566497802734,68.12052917480469,87.06846618652344,34.03118896484375,8.916387557983398,9.003721237182617,9.582843780517578,391.3021545410156,29.307249069213867,45.8635368347168,172.1674346923828
2021-06-30,98.55836486816406,47.33470153808594,16.750154495239258,67.38618469238281,87.8165054321289,33.69863510131836,9.048460006713867,9.006229400634766,9.621899604797363,400.0780029296875,29.723346710205078,46.47206497192383,178.0206756591797
2021-07-31,99.6588363647461,48.0415153503418,16.967689514160156,67.90728759765625,88.3061294555664,33.75288391113281,9.33169174194336,9.100695610046387,9.651205062866211,409.844970703125,27.85482406616211,43.73388671875,176.01010131835938
2021-08-31,99.45919799804688,47.834808349609375,16.689245223999023,68.88973236083984,89.09974670410156,33.76192092895508,9.286972045898438,9.078290939331055,9.764623641967773,422.0418701171875,28.598773956298828,44.69225311279297,179.53106689453125
2021-09-30,98.54693603515625,47.31972885131836,17.559385299682617,66.6429443359375,86.74932098388672,32.82158279418945,9.704742431640625,8.996881484985352,9.567479133605957,402.37237548828125,27.633617401123047,43.189697265625,172.38327026367188
2021-10-31,98.53827667236328,47.11024856567383,18.577444076538086,68.7615737915039,86.8876953125,35.42560958862305,9.993301391601562,8.940316200256348,9.537027359008789,430.604248046875,27.939014434814453,43.75105285644531,181.85507202148438
2021-11-30,98.80517578125,47.608543395996094,16.950286865234375,65.64344024658203,85.25198364257812,33.798095703125,9.264305114746094,9.00027084350586,9.261462211608887,427.1443786621094,27.040283203125,42.48152542114258,172.71409606933594
2021-12-31,98.45075225830078,47.25278091430664,18.08146858215332,68.52579498291016,87.0958480834961,35.18978500366211,9.678718566894531,8.966118812561035,9.429547309875488,446.89886474609375,27.508501052856445,43.13583755493164,173.57073974609375
2022-01-31,96.48313903808594,46.60173034667969,19.50849151611328,66.0348892211914,84.1570053100586,34.97001647949219,10.410341262817383,8.901827812194824,9.1943941116333,423.32891845703125,27.62297248840332,43.31898498535156,155.86817932128906
2022-02-28,95.37773895263672,46.01613998413086,20.770193099975586,63.770450592041016,79.5030288696289,34.99748611450195,11.126717567443848,8.753904342651367,8.798498153686523,410.8334655761719,26.434221267700195,41.70553970336914,155.95359802246094
2022-03-31,92.69552612304688,44.99087905883789,22.67579460144043,64.10138702392578,78.6311264038086,36.819698333740234,12.033103942871094,8.632615089416504,8.623027801513672,426.2768859863281,25.78076171875,40.347896575927734,157.38441467285156
2022-04-30,89.16766357421875,43.64120864868164,23.954898834228516,59.781524658203125,73.38485717773438,33.92613983154297,12.519617080688477,8.461641311645508,8.163578987121582,388.86297607421875,24.350954055786133,37.99507522583008,140.70167541503906
2022-05-31,89.84583282470703,43.34736633300781,25.059972763061523,60.97472381591797,73.97993469238281,34.6403694152832,12.746658325195312,8.381843566894531,8.115107536315918,389.74072265625,24.492164611816406,38.170005798339844,137.55699157714844
2022-06-30,88.45051574707031,42.6009407043457,23.18047523498535,55.6292839050293,69.42713928222656,31.065196990966797,11.128010749816895,8.210383415222168,7.442602634429932,357.6025695800781,23.398733139038086,36.70037841796875,124.78507232666016
2022-07-31,90.69547271728516,43.97199249267578,22.719301223754883,58.504661560058594,71.92852783203125,32.56864547729492,11.820183753967285,8.429410934448242,7.602365016937256,390.53326416015625,23.194339752197266,36.40959548950195,137.63478088378906
2022-08-31,87.93626403808594,42.38595962524414,22.379947662353516,54.926021575927734,69.98088836669922,31.074417114257812,11.571711540222168,8.234514236450195,7.594318389892578,374.5987548828125,23.247657775878906,36.2421760559082,134.9030303955078
2022-09-30,84.29130554199219,41.159706115722656,20.80499839782715,49.860713958740234,65.37963104248047,28.371896743774414,10.175532341003418,8.013956069946289,7.053805351257324,339.9686584472656,20.880868911743164,32.5881462097168,121.40545654296875
2022-10-31,83.21363830566406,41.38414764404297,21.857866287231445,52.79841613769531,65.27290344238281,30.46565818786621,10.53049373626709,8.074124336242676,7.074541091918945,367.5997619628906,20.160829544067383,31.659353256225586,131.7971954345703
2022-11-30,86.38278198242188,42.39011001586914,22.17981719970703,59.75096893310547,71.85023498535156,32.45796203613281,10.826292991638184,8.209964752197266,7.719793319702148,388.03521728515625,23.067951202392578,36.18722152709961,136.5727996826172
2022-12-31,85.63084411621094,41.22478103637695,21.578407287597656,58.6677360534668,70.87413024902344,30.63117027282715,10.545278549194336,8.085240364074707,7.7896199226379395,365.6734313964844,22.582012176513672,35.380523681640625,127.53903198242188
2023-01-31,88.48257446289062,42.19824981689453,21.770994186401367,63.94997787475586,73.65579223632812,33.53239059448242,10.545278549194336,8.266974449157715,8.083832740783691,388.669677734375,24.337377548217773,38.33041000366211,141.36231994628906
2023-02-28,86.1239013671875,41.5655403137207,20.799306869506836,61.983665466308594,71.673095703125,31.86652183532715,10.00615406036377,8.195557594299316,7.899232864379883,378.8974914550781,22.810577392578125,35.77988052368164,138.952880859375
2023-03-31,88.39860534667969,42.62775421142578,20.781801223754883,63.92315673828125,72.87156677246094,31.988191604614258,11.171040534973145,8.316102981567383,7.92516565322876,392.9461669921875,23.390361785888672,36.695926666259766,135.0236053466797
2023-04-30,88.90737915039062,42.71676254272461,20.624231338500977,65.80010223388672,73.06835174560547,32.942779541015625,11.07954216003418,8.342473030090332,7.94132137298584,399.22344970703125,23.23491668701172,36.55058288574219,132.13438415527344
2023-05-31,87.88999938964844,42.7779541015625,19.302387237548828,63.1634407043457,72.19969177246094,31.127182006835938,10.314289093017578,8.346128463745117,7.915701866149902,401.0663146972656,22.65884780883789,35.46969223022461,132.74114990234375
2023-06-30,87.56637573242188,42.780555725097656,19.871395111083984,65.98688507080078,74.00667572021484,33.07769775390625,10.663643836975098,8.373482704162598,8.154696464538574,427.05535888671875,23.632396697998047,37.151336669921875,143.82069396972656
2023-07-31,87.5529556274414,42.72622299194336,21.60466957092285,67.77079772949219,75.28258514404297,34.108123779296875,11.395625114440918,8.402624130249023,8.333051681518555,441.0342102050781,25.02902603149414,39.334014892578125,152.3245086669922
2023-08-31,87.00019836425781,42.81576156616211,21.525882720947266,65.1040267944336,73.8929672241211,32.79408645629883,11.287492752075195,8.425756454467773,8.18123722076416,433.8665771484375,23.604833602905273,37.01434326171875,146.0336456298828
2023-09-30,84.74724578857422,42.067298889160156,21.849777221679688,62.72850036621094,71.43363952636719,31.631311416625977,11.146086692810059,8.355003356933594,7.942571640014648,413.28631591796875,23.116962432861328,36.10092544555664,138.9666748046875
2023-10-31,83.4161605834961,42.004756927490234,21.455852508544922,60.90816879272461,70.58428192138672,30.005319595336914,11.137768745422363,8.341739654541016,7.87470817565918,404.3144836425781,22.320785522460938,34.93162536621094,130.2503662109375
2023-11-30,87.24740600585938,43.446800231933594,20.930618286132812,65.9140853881836,74.98731231689453,33.068241119384766,11.004681587219238,8.56925106048584,8.354469299316406,441.2460632324219,23.829822540283203,37.40834045410156,144.861572265625
2023-12-31,90.47351837158203,44.845916748046875,20.241731643676758,69.44113159179688,78.39795684814453,35.141845703125,10.7899808883667,8.855489730834961,8.750833511352539,461.39129638671875,24.537626266479492,38.65520095825195,160.0732421875
2024-01-31,90.33677673339844,44.58249282836914,20.50806999206543,69.12779998779297,77.44728088378906,34.825679779052734,10.864970207214355,8.838541030883789,8.659876823425293,468.7396545410156,23.75310707092285,37.28205108642578,156.1400909423828
2024-02-29,89.00468444824219,44.34227752685547,20.195810317993164,71.19213104248047,78.05457305908203,35.228065490722656,10.648338317871094,8.839522361755371,8.747411727905273,493.20166015625,24.69831657409668,38.579959869384766,165.4473419189453
2024-03-31,89.80794525146484,44.83906555175781,21.095849990844727,73.59746551513672,79.6136245727539,36.674747467041016,11.042386054992676,8.9622163772583,8.972818374633789,509.3302917480469,25.086790084838867,39.32206726074219,171.08901977539062
2024-04-30,87.5822982788086,44.20983123779297,21.4356632232666,71.21056365966797,77.69336700439453,35.37177658081055,11.210204124450684,8.886341094970703,8.815916061401367,488.7943420410156,25.34210205078125,39.69862365722656,159.99998474121094
2024-05-31,89.04452514648438,44.33700942993164,21.371374130249023,74.81394958496094,79.7173843383789,36.65559005737305,11.54583740234375,8.922796249389648,8.94713020324707,513.5173950195312,25.833812713623047,40.5552978515625,165.5738067626953
2024-06-30,89.8330078125,44.617530822753906,21.334636688232422,73.44729614257812,79.5313491821289,35.86819839477539,11.305341720581055,8.976713180541992,8.981709480285645,531.63427734375,26.393997192382812,41.354251861572266,165.30474853515625
2024-07-31,92.00623321533203,45.56633758544922,20.7376708984375,75.35074615478516,81.6537094116211,37.63791275024414,10.932730674743652,9.104043960571289,9.110868453979492,538.072021484375,26.659643173217773,41.85511779785156,175.73484802246094
2024-08-31,93.350830078125,45.79733657836914,20.306018829345703,77.80743408203125,83.50421142578125,39.15620040893555,10.932730674743652,9.139122009277344,9.337369918823242,550.6443481445312,26.944271087646484,42.261478424072266,175.8131866455078
2024-09-30,94.59502410888672,46.370052337646484,20.452964782714844,78.41691589355469,85.18645477294922,40.15226745605469,11.510364532470703,9.2564058303833,9.530003547668457,562.21044921875,28.845426559448242,45.35311508178711,178.71119689941406
2024-10-31,92.21244812011719,46.03462600708008,20.746854782104492,74.28182220458984,83.10694122314453,39.29158401489258,11.211283683776855,9.18060302734375,9.398860931396484,557.1935424804688,27.941926956176758,44.1399040222168,179.79136657714844
2024-11-30,93.23690795898438,46.80122756958008,20.33357048034668,74.04739379882812,84.62403869628906,41.82527160644531,11.185647010803223,9.29874038696289,9.560614585876465,590.4209594726562,27.39982795715332,43.19208526611328,201.32627868652344
2024-12-31,91.65804290771484,46.4417610168457,20.683862686157227,71.86286926269531,82.73846435546875,39.492088317871094,11.298152923583984,9.359463691711426,9.444646835327148,576.21533203125,27.274402618408203,42.749691009521484,187.1158447265625
2025-01-31,92.13098907470703,46.555381774902344,21.25465202331543,75.31297302246094,84.14159393310547,40.39364242553711,11.779291152954102,9.412470817565918,9.620100021362305,591.6903076171875,27.40094566345215,43.09914016723633,196.2559356689453
2025-02-28,94.19231414794922,46.966217041015625,21.283676147460938,77.5370101928711,85.93536376953125,40.403446197509766,11.968310356140137,9.443792343139648,9.737030982971191,584.1788940429688,27.469079971313477,43.41947555541992,184.9982452392578
2025-03-31,94.16755676269531,46.410091400146484,21.767396926879883,77.67957305908203,84.94702911376953,39.933067321777344,12.510802268981934,9.385086059570312,9.619406700134277,551.6289672851562,27.842548370361328,43.9786491394043,170.23599243164062
2025-04-30,94.5734634399414,47.20849609375,19.900236129760742,80.5499038696289,84.73041534423828,41.5989875793457,11.897359848022461,9.476678848266602,9.599837303161621,546.8462524414062,27.900981903076172,43.968929290771484,168.8425750732422
2025-05-31,93.99951934814453,47.21232223510742,20.20014190673828,84.40869140625,85.71623992919922,44.05866241455078,11.759117126464844,9.483542442321777,9.713395118713379,581.2127685546875,28.97222328186035,45.66938400268555,181.1265106201172
2025-06-30,95.3675308227539,47.372108459472656,21.099863052368164,86.43131256103516,88.02082824707031,45.57779312133789,12.100709915161133,9.57681941986084,9.986662864685059,611.0791015625,30.47585105895996,48.19887924194336,190.98451232910156
2025-07-31,95.11580657958984,47.31840896606445,21.719024658203125,84.62319946289062,88.62201690673828,45.55805969238281,12.100709915161133,9.574098587036133,10.093830108642578,625.1531372070312,30.80774688720703,48.530216217041016,195.9793701171875
2025-08-31,96.24801635742188,47.38279342651367,21.48683738708496,88.45213317871094,90.21406555175781,48.132911682128906,12.553153991699219,9.619685173034668,10.275636672973633,637.98095703125,31.725341796875,50.216102600097656,203.9771270751953
2025-09-30,97.33250427246094,47.632225036621094,21.796419143676758,90.27957916259766,91.63105010986328,49.869205474853516,12.80533504486084,9.663488388061523,10.458271026611328,660.7061157226562,33.52919387817383,53.072357177734375,208.0325469970703
2025-10-31,97.93156433105469,48.109947204589844,22.13502311706543,91.36251068115234,93.44148254394531,50.05664825439453,13.169639587402344,9.783414840698242,10.700315475463867,676.45556640625,33.999916076660156,53.84620666503906,210.41757202148438
2025-11-30,98.52474212646484,48.02193069458008,22.309162139892578,92.03934478759766,93.90552520751953,51.99024963378906,13.515729904174805,9.77176284790039,10.778473854064941,677.7747192382812,33.56842041015625,53.18989944458008,209.51324462890625
2025-12-31,98.2498779296875,47.77261734008789,22.360000610351562,94.53404235839844,94.20260620117188,53.67760467529297,13.477665901184082,9.765963554382324,10.887930870056152,678.3152465820312,33.97935104370117,53.69618225097656,208.45623779296875
2026-01-31,98.49579620361328,48.0197868347168,24.43000030517578,99.17066955566406,94.49614715576172,54.00605773925781,14.665780067443848,9.816184997558594,11.006650924682617,688.3120727539062,35.6683235168457,56.4029655456543,213.38055419921875
2026-02-28,100.06988525390625,48.75507736206055,25.100000381469727,103.73838806152344,96.03398895263672,57.70865249633789,14.925679206848145,9.914958953857422,11.150357246398926,682.3637084960938,36.687705993652344,58.031028747558594,215.73306274414062
2026-03-31,98.2740707397461,47.71245574951172,28.950000762939453,95.61690521240234,92.68212127685547,54.5335807800293,16.364410400390625,9.61439037322998,10.689261436462402,648.6688842773438,33.889404296875,53.985836029052734,205.8000030517578
2026-04-30,98.43995666503906,47.82392501831055,31.100000381469727,100.72605895996094,94.98739624023438,58.325748443603516,17.311189651489258,9.66620922088623,11.016515731811523,716.8132934570312,37.03749465942383,58.86004638671875,226.05999755859375
2026-05-31,98.72899627685547,48.215999603271484,29.479999542236328,103.16743469238281,96.02300262451172,58.534767150878906,16.837799072265625,9.779999732971191,11.15999984741211,754.5361328125,37.767051696777344,59.80891799926758,236.39999389648438
